Lag Length,p-value
1,0.8215472879898542
2,0.4488991861488686
3,0.5298045029187775
4,0.37345773521424136
5,0.0899947406433904
6,0.027931670628919016
7,0.03600094228203366
8,8.31772370790421e-06
9,2.9462872049396667e-05
10,3.775488244829592e-08
